epoch,accuracy,learning_rate,loss,val_accuracy,val_loss
10,0.7379894852638245,9.999999747378752e-05,0.556835949420929,0.692556619644165,0.5709490776062012
11,0.8603149056434631,9.999999747378752e-05,0.30816763639450073,0.8252426981925964,0.5527235865592957
12,0.9039160013198853,9.999999747378752e-05,0.23049020767211914,0.8478964567184448,0.3765115439891815
13,0.9180459976196289,9.999999747378752e-05,0.21110108494758606,0.8576051592826843,0.6186651587486267
