epoch,accuracy,learning_rate,loss,val_accuracy,val_loss
10,0.5506661534309387,0.0005000000237487257,1.1778699159622192,0.19093851745128632,0.7370270490646362
11,0.5518772602081299,0.0005000000237487257,0.687942624092102,0.19093851745128632,0.7578048706054688
12,0.5518772602081299,0.0005000000237487257,0.6878008246421814,0.19093851745128632,0.7640103101730347
13,0.5518772602081299,0.0005000000237487257,0.6878371834754944,0.19093851745128632,0.7588767409324646
14,0.5518772602081299,0.0002500000118743628,0.6878448128700256,0.19093851745128632,0.7604753375053406
15,0.5518772602081299,0.0002500000118743628,0.6877537369728088,0.19093851745128632,0.7653192281723022
16,0.5518772602081299,0.0002500000118743628,0.6880024075508118,0.19093851745128632,0.7586653232574463
