epoch,accuracy,learning_rate,loss,val_accuracy,val_loss
10,0.7412192225456238,9.999999747378752e-06,1.4973838329315186,0.19093851745128632,4.175171375274658
11,0.8300363421440125,9.999999747378752e-06,0.6873955130577087,0.19093851745128632,17.693038940429688
12,0.8599112033843994,9.999999747378752e-06,0.5592580437660217,0.19093851745128632,18.396257400512695
13,0.8881711959838867,9.999999747378752e-06,0.42538970708847046,0.19093851745128632,17.74881362915039
14,0.8938231468200684,4.999999873689376e-06,0.3699696958065033,0.19093851745128632,23.66193389892578
15,0.9067420363426208,4.999999873689376e-06,0.3406943082809448,0.19093851745128632,21.936260223388672
16,0.9107791781425476,4.999999873689376e-06,0.30755239725112915,0.19093851745128632,20.898826599121094
