epoch,accuracy,learning_rate,loss,val_accuracy,val_loss
10,0.8268066048622131,0.004999999888241291,0.5990069508552551,0.7766990065574646,4.185185432434082
11,0.866774320602417,0.004999999888241291,0.533381998538971,0.20388349890708923,13.209867477416992
12,0.8909971714019775,0.004999999888241291,0.26909196376800537,0.19093851745128632,57.31962966918945
13,0.9265240430831909,0.004999999888241291,0.18714657425880432,0.19093851745128632,38.71597671508789
14,0.9232943058013916,0.0024999999441206455,0.30662620067596436,0.20711974799633026,46.4583740234375
15,0.9220831394195557,0.0024999999441206455,0.256646066904068,0.5728155374526978,10.469849586486816
16,0.9329834580421448,0.0024999999441206455,0.18742896616458893,0.7411003112792969,6.597572326660156
