epoch,accuracy,learning_rate,loss,val_accuracy,val_loss
0,0.696003258228302,0.0002265899966005236,0.6003633141517639,0.7281553149223328,0.5949040651321411
1,0.7157852053642273,0.0002265899966005236,1.0245088338851929,0.7152103781700134,0.9893314838409424
2,0.6390795111656189,0.0002265899966005236,1.66398024559021,0.24271844327449799,12.689539909362793
3,0.600322961807251,0.0002265899966005236,1.7601839303970337,0.7022653818130493,1.2364896535873413
4,0.7125555276870728,0.0001132949983002618,0.8835681080818176,0.7055016160011292,0.9716953039169312
5,0.7319337725639343,0.0001132949983002618,1.1547399759292603,0.737864077091217,1.3243608474731445
6,0.7480823397636414,0.0001132949983002618,1.3409788608551025,0.7896440029144287,1.8464823961257935
7,0.7872426509857178,5.66474991501309e-05,0.8860539197921753,0.7281553149223328,1.467347502708435
8,0.7525231838226318,5.66474991501309e-05,1.3043110370635986,0.7961165308952332,2.687216281890869
