epoch,accuracy,learning_rate,loss,val_accuracy,val_loss
10,0.8562777638435364,9.999999974752427e-07,0.37075066566467285,0.8349514603614807,0.601340651512146
11,0.8587000370025635,9.999999974752427e-07,0.3645915985107422,0.8349514603614807,0.605445384979248
12,0.8683891892433167,9.999999974752427e-07,0.33430978655815125,0.8349514603614807,0.6076557040214539
13,0.8861526250839233,9.999999974752427e-07,0.3007669746875763,0.8317152261734009,0.6033052802085876
14,0.8748486042022705,4.999999987376214e-07,0.2980758249759674,0.828478991985321,0.6073154211044312
15,0.8914008736610413,4.999999987376214e-07,0.27882829308509827,0.828478991985321,0.6085131764411926
16,0.8885748982429504,4.999999987376214e-07,0.28721630573272705,0.828478991985321,0.6120584011077881
