epoch,accuracy,learning_rate,loss,val_accuracy,val_loss
0,0.6564392447471619,0.0002265899966005236,0.6257988810539246,0.799352765083313,1.3687318563461304
1,0.554299533367157,0.0002265899966005236,501.8713684082031,0.6278316974639893,26.759578704833984
2,0.541784405708313,0.0002265899966005236,68.98231506347656,0.6375404596328735,9.30406379699707
3,0.5361323952674866,0.0002265899966005236,30.520763397216797,0.4336569607257843,10.907364845275879
4,0.5502623915672302,0.0001132949983002618,9.233272552490234,0.6828479170799255,1.3984453678131104
5,0.5462252497673035,0.0001132949983002618,7.291697025299072,0.5922330021858215,2.167797327041626
6,0.5397658348083496,0.0001132949983002618,7.296520233154297,0.53721684217453,2.9774169921875
7,0.5555106997489929,5.66474991501309e-05,8.319564819335938,0.5404530763626099,3.3073527812957764
8,0.5534921288490295,5.66474991501309e-05,8.538640022277832,0.5922330021858215,2.3594038486480713
