epoch,accuracy,learning_rate,loss,val_accuracy,val_loss
10,0.8962454795837402,4.999999873689376e-05,0.24294357001781464,0.8025889992713928,0.47032585740089417
11,0.9099717140197754,4.999999873689376e-05,0.2091870754957199,0.7022653818130493,0.6402592062950134
12,0.9095680117607117,4.999999873689376e-05,0.20012794435024261,0.647249162197113,0.8722596168518066
13,0.9232943058013916,4.999999873689376e-05,0.17471785843372345,0.5922330021858215,1.0579884052276611
14,0.932579755783081,2.499999936844688e-05,0.16416333615779877,0.6440129280090332,0.857530415058136
15,0.925312876701355,2.499999936844688e-05,0.16529405117034912,0.7184466123580933,0.6522733569145203
16,0.9341945648193359,2.499999936844688e-05,0.15218472480773926,0.7184466123580933,0.6465247273445129
