epoch,accuracy,learning_rate,loss,val_accuracy,val_loss
10,0.8893823027610779,4.999999873689376e-05,0.28198477625846863,0.828478991985321,0.4539910554885864
11,0.9107791781425476,4.999999873689376e-05,0.20118480920791626,0.8640776872634888,0.4033786654472351
12,0.928946316242218,4.999999873689376e-05,0.1764453947544098,0.8673139214515686,0.3459603488445282
13,0.9398465752601624,4.999999873689376e-05,0.13987997174263,0.8640776872634888,0.44886961579322815
14,0.9523617029190063,4.999999873689376e-05,0.12589508295059204,0.8834951519966125,0.3473018407821655
15,0.9555914402008057,4.999999873689376e-05,0.10676238685846329,0.8867313861846924,0.4423335790634155
16,0.9632620215415955,2.499999936844688e-05,0.09956244379281998,0.8834951519966125,0.4074026346206665
17,0.9677028656005859,2.499999936844688e-05,0.08562362939119339,0.8996763825416565,0.37001627683639526
18,0.9668954610824585,2.499999936844688e-05,0.07581355422735214,0.8964401483535767,0.41862064599990845
