epoch,accuracy,learning_rate,loss,val_accuracy,val_loss
10,0.5518772602081299,9.999999974752427e-07,9.124114990234375,0.799352765083313,1.1105576753616333
11,0.5559144020080566,9.999999974752427e-07,6.009202003479004,0.49514561891555786,2.3662564754486084
12,0.5829632878303528,9.999999974752427e-07,3.822397232055664,0.19417475163936615,10.676779747009277
13,0.6443278193473816,9.999999974752427e-07,2.608318567276001,0.19417475163936615,10.199894905090332
14,0.6846992373466492,4.999999987376214e-07,1.9302300214767456,0.25242719054222107,6.217920780181885
15,0.7097294926643372,4.999999987376214e-07,1.5999946594238281,0.3883495032787323,3.1074507236480713
16,0.7266855239868164,4.999999987376214e-07,1.5088331699371338,0.5889967679977417,1.9614756107330322
