epoch,accuracy,learning_rate,loss,val_accuracy,val_loss
10,0.7145740985870361,9.999999747378752e-06,2.312568187713623,0.19093851745128632,18.465442657470703
11,0.8364957571029663,9.999999747378752e-06,0.7000839114189148,0.19093851745128632,28.451662063598633
12,0.8760597705841064,9.999999747378752e-06,0.501730740070343,0.19093851745128632,28.613487243652344
13,0.8800969123840332,9.999999747378752e-06,0.4467468857765198,0.19093851745128632,30.477968215942383
14,0.9075494408607483,4.999999873689376e-06,0.31030911207199097,0.19093851745128632,35.406368255615234
15,0.9103754758834839,4.999999873689376e-06,0.29948678612709045,0.19093851745128632,32.009437561035156
16,0.9018974304199219,4.999999873689376e-06,0.35257917642593384,0.19093851745128632,26.744108200073242
