epoch,accuracy,learning_rate,loss,val_accuracy,val_loss
10,0.891804575920105,9.999999747378752e-05,0.3073514699935913,0.8317152261734009,0.5018712282180786
11,0.9200645685195923,9.999999747378752e-05,0.19241967797279358,0.844660222530365,0.5182390809059143
12,0.9390391707420349,9.999999747378752e-05,0.15673892199993134,0.8673139214515686,0.4711882472038269
13,0.9483245611190796,9.999999747378752e-05,0.13555587828159332,0.8705501556396484,0.49041783809661865
14,0.9543802738189697,9.999999747378752e-05,0.10815376788377762,0.8576051592826843,0.8230510354042053
15,0.9612434506416321,9.999999747378752e-05,0.09323825687170029,0.8349514603614807,0.9246191382408142
16,0.9709326028823853,4.999999873689376e-05,0.07251618057489395,0.8608414530754089,0.7214844226837158
17,0.9753734469413757,4.999999873689376e-05,0.06322593241930008,0.8802589178085327,0.5770676732063293
18,0.9733548760414124,4.999999873689376e-05,0.06405311822891235,0.8867313861846924,0.6104990839958191
