epoch,accuracy,learning_rate,loss,val_accuracy,val_loss
10,0.8833265900611877,0.0005000000237487257,0.2942243814468384,0.19093851745128632,25.970836639404297
11,0.9208720326423645,0.0005000000237487257,0.19302429258823395,0.19741100072860718,12.527803421020508
12,0.9430763125419617,0.0005000000237487257,0.15839436650276184,0.8122977614402771,0.6270758509635925
13,0.9249091744422913,0.0005000000237487257,0.1860351413488388,0.828478991985321,1.4086421728134155
14,0.9487283229827881,0.0005000000237487257,0.13309268653392792,0.828478991985321,2.2492735385894775
15,0.9483245611190796,0.0005000000237487257,0.1352176070213318,0.8220064640045166,1.812303066253662
16,0.9551877379417419,0.0002500000118743628,0.11390962451696396,0.8252426981925964,1.883718490600586
17,0.9543802738189697,0.0002500000118743628,0.1107102558016777,0.8576051592826843,1.202594518661499
18,0.9656842947006226,0.0002500000118743628,0.08854665607213974,0.8058252334594727,3.211843252182007
